{"cameraMode":{"drawMode":0,"name":"Shaded","section":"Shading Mode"},"sceneLighting":true,"audioPlay":false,"sceneViewState":{"showFog":true,"showMaterialUpdate":false,"showSkybox":true,"showFlares":true,"showImageEffects":true,"showParticleSystems":true},"in2DMode":false,"pivot":{"x":502.9623718261719,"y":379.69183349609377,"z":-13.429224967956543},"rotation":{"x":-0.14473757147789002,"y":0.08655797690153122,"z":-0.01271100714802742,"w":-0.9856008291244507},"size":39.02631378173828,"orthographic":false}